timestamp,title,link
10 Min Ago,China says trade deal with U.S. will ‘drain Taiwan’s economy’ for American benefits,https://www.cnbc.com/2026/01/21/china-us-taiwan-deal-semiconductors-chips-supply-chain-trade-deal.html
20 Min Ago,"UK inflation rises to 3.4% in December, above forecasts",https://www.cnbc.com/2026/01/21/uk-inflation-december-2025-uk-prices.html
56 Min Ago,CNBC’s UK Exchange newsletter: A diplomacy tightrope for Britain’s Starmer after Trump’s tirades,https://www.cnbc.com/2026/01/21/cnbcs-uk-exchange-newsletter-a-diplomacy-tightrope-for-britains-starmer-after-trumps-tirades.html
57 Min Ago,European stocks set for mixed open ahead of Trump’s speech in Davos.,https://www.cnbc.com/2026/01/21/european-stocks-stoxx-600-ftse-dax-trump-speech-davox-wef.html
1 Hour Ago,"Gold breaks new record on Greenland tariff threats — $7,000 level on the cards",https://www.cnbc.com/2026/01/21/gold-prices-surge-record-4800-safe-haven-demand.html
1 Hour Ago,Deutsche Bank declares ‘the honeymoon is over for AI’ —‎ here’s why,https://www.cnbc.com/2026/01/21/-duetsche-bank-honeymoon-is-over-for-ai-explain-why.html
3 Hours Ago,India’s largest conglomerate faces its biggest challenge on the home turf,https://www.cnbc.com/2026/01/21/india-reliance-oil-russia-trump-tariff-sanctions-retail-slowdown.html
6 Hours Ago,"Greenland should be prepared for ‘everything,’ Prime Minister Jens-Frederik Nielsen says",https://www.cnbc.com/2026/01/21/greenland-us-trump-military-takeover-nato.html
6 Hours Ago,Trump’s intensifying pressure on Greenland prompts investors to ‘sell America’,https://www.cnbc.com/2026/01/21/cnbc-daily-open-trumps-intensifying-pressure-on-greenland-prompts-investors-to-sell-america.html
7 Hours Ago,Doctor: New vaccine guidance for children is ‘a recipe for disaster’,https://www.cnbc.com/2026/01/20/doctor-new-vaccine-guidance-for-children-is-a-recipe-for-disaster.html
7 Hours Ago,Gold climbs to new high as Trump’s Greenland-linked tariff threats rattle Asia markets,https://www.cnbc.com/2026/01/21/asia-pacific-markets-nikkei-225-kospi-nifty-50-wall-street-trump-greenland-tariffs.html
8 Hours Ago,Wednesday’s stock stories: What’s likely to move the market in the next session,https://www.cnbc.com/2026/01/20/wednesdays-big-stock-stories-whats-likely-to-move-the-market.html
8 Hours Ago,Cramer: Speculation has returned to the market — and here’s what investors must do,https://www.cnbc.com/2026/01/20/jim-cramer-warns-about-speculation-in-the-stock-market-urges-action.html
8 Hours Ago,Stock futures are little changed after S&P 500 and Dow notch worst day since October,https://www.cnbc.com/2026/01/20/stock-market-today-live-updates.html
10 Hours Ago,Rising Greenland tensions roiled stocks Tuesday. Many doubt it will last,https://www.cnbc.com/2026/01/20/rising-greenland-tensions-roiled-stocks-tuesday-many-doubt-it-will-last.html
10 Hours Ago,"Stocks making the biggest moves after hours: Netflix, United Airlines and more",https://www.cnbc.com/2026/01/20/stocks-making-the-biggest-moves-after-hours-nflx-ual-ibkr.html
10 Hours Ago,"‘You’ll find out,’ Trump says on Greenland takeover strategy",https://www.cnbc.com/2026/01/20/trump-greenland-takeover-strategy.html
10 Hours Ago,OpenAI is rolling out age prediction for ChatGPT consumer plans,https://www.cnbc.com/2026/01/20/open-ai-age-prediction-chatgpt.html
10 Hours Ago,United Airlines could hit record earnings after strong start to 2026,https://www.cnbc.com/2026/01/20/united-airlines-ual-4q-2025-earnings.html
10 Hours Ago,"California billionaire tax faces potential ‘uphill battle,’ new poll finds",https://www.cnbc.com/2026/01/20/california-billionaire-tax-faces-uphill-battle-new-poll-finds.html
11 Hours Ago,Another alliance of health care and AI signals why pharma stocks could be back,https://www.cnbc.com/2026/01/20/another-alliance-of-health-care-and-ai-signals-why-pharma-stocks-could-be-back.html
11 Hours Ago,2 stocks that won in last year’s trade war may benefit from new tariff threats,https://www.cnbc.com/2026/01/20/2-stocks-that-won-in-last-years-trade-war-may-benefit-from-new-tariff-threats.html
11 Hours Ago,Deutsche Bank says the ‘honeymoon is over’ for AI,https://www.cnbc.com/2026/01/20/deutsche-bank-says-the-honeymoon-is-over-for-ai.html
12 Hours Ago,How investors should play Apple stock as it looks to break 7-week losing streak,https://www.cnbc.com/2026/01/20/how-investors-should-play-apple-stock-as-it-looks-to-break-7-week-losing-streak.html
12 Hours Ago,"The ‘trap doors’ to watch in the S&P 500 and Nasdaq, according to the charts",https://www.cnbc.com/2026/01/20/the-trap-doors-to-watch-in-the-sp-500-and-nasdaq-according-to-the-charts.html
12 Hours Ago,Powell could stay at the Fed even after being removed as chair. What that means,https://www.cnbc.com/2026/01/20/powell-could-stay-at-fed-even-after-being-removed-as-chair.html
13 Hours Ago,Where to find reliable income as most U.S. assets see selling pressure,https://www.cnbc.com/2026/01/20/where-investors-can-find-reliable-income-as-us-assets-see-selling-pressure.html
13 Hours Ago,How my Coinbase account was almost stolen,https://www.cnbc.com/2026/01/20/how-my-coinbase-account-was-almost-stolen.html
13 Hours Ago,Trump speaks at White House press briefing,https://www.cnbc.com/2026/01/20/trump-white-house-briefing.html
14 Hours Ago,Binance hasn’t decided to reenter U.S. Ripple’s CEO thinks it’s happening,https://www.cnbc.com/2026/01/20/binance-us-crypto-exchange-return-ripple-ceo-davos.html
